"Variables ->","obs_dl_cpi","obs_i","obs_l_y","l_y_gap","l_y","l_y_tnd","dl_y_tnd","dl_y","dl_cpi","e1_dl_cpi","d4l_cpi","e1_d4l_cpi","e3_d4l_cpi","target","i","r","r_gap","r_tnd","shock_l_y_gap","shock_dl_cpi","shock_i","shock_dl_y_tnd","shock_r_tnd","shock_target","ss_r_tnd","ss_dl_y_tnd","ss_target","c1_dl_cpi","c2_dl_cpi","c1_l_y_gap","c2_l_y_gap","c1_i","c2_i","c3_i","c1_dl_y_tnd","c1_r_tnd","c1_target","ttrend","std_shock_l_y_gap","std_shock_dl_cpi","std_shock_i","std_shock_dl_y_tnd","std_shock_r_tnd","std_shock_target"
"Comments ->","Inflation observations","Interest rate observations","Real GDP observations","Output gap (percent)","Output","Output trend","Output trend growth (percent, @ar)","Output growth (percent, @ar)","QoQ inflation (percent, @ar)","Exp. QoQ inflation (percent, @ar)","YoY inflation (percent)","Exp. YoY inflation (percent)","Exp. t+3 YoY inflation (percent)","Inflation Target (percent)","Nominal interest rate (percent p.a.)","Real interest rate (percent p.a.)","Real interest rate gap (pp)","Real interest rate trend (pp)","Output gap shock","Inflation shock","MP shock","Potential output growth shock","Real interest rate trend shock","Inflation target","","","","","","","","","","","","","","Time trend","","","","","",""
"Class[Size] ->","Series[60-by-1]","Series[60-by-1]","Series[60-by-1]","Series[60-by-1]","Series[60-by-1]","Series[60-by-1]","Series[60-by-1]","Series[60-by-1]","Series[60-by-1]","Series[60-by-1]","Series[60-by-1]","Series[60-by-1]","Series[60-by-1]","Series[60-by-1]","Series[60-by-1]","Series[60-by-1]","Series[60-by-1]","Series[60-by-1]","Series[60-by-1]","Series[60-by-1]","Series[60-by-1]","Series[60-by-1]","Series[60-by-1]","Series[60-by-1]","double[1-by-1]","double[1-by-1]","double[1-by-1]","double[1-by-1]","double[1-by-1]","double[1-by-1]","double[1-by-1]","double[1-by-1]","double[1-by-1]","double[1-by-1]","double[1-by-1]","double[1-by-1]","double[1-by-1]","Series[60-by-1]","double[1-by-1]","double[1-by-1]","double[1-by-1]","double[1-by-1]","double[1-by-1]","double[1-by-1]"
"2007Q2",NaN,NaN,NaN,NaN,NaN,NaN,NaN,NaN,1.426146657285318,NaN,NaN,NaN,NaN,NaN,NaN,NaN,NaN,NaN,NaN,NaN,NaN,NaN,NaN,NaN,0.5,2,2.5,0.65,0.1,0.6,0.1,0.75,3.5,0.1,0.9,0.9,0.9,NaN,0.7,1.5,1,0.2,0.2,0.2
"2007Q3",NaN,NaN,NaN,NaN,NaN,NaN,NaN,NaN,3.018130466654815,NaN,NaN,NaN,NaN,NaN,NaN,NaN,NaN,NaN,NaN,NaN,NaN,NaN,NaN,NaN,NaN,NaN,NaN,NaN,NaN,NaN,NaN,NaN,NaN,NaN,NaN,NaN,NaN,NaN,NaN,NaN,NaN,NaN,NaN,NaN
"2007Q4",NaN,NaN,NaN,2.68045229307913,965.4509094959586,962.7704572028798,1.291995833499781,NaN,4.200069270462823,NaN,NaN,NaN,NaN,2.569983671466646,0.367820816030983,NaN,NaN,0.5153267961865928,NaN,NaN,NaN,NaN,NaN,NaN,NaN,NaN,NaN,NaN,NaN,NaN,NaN,NaN,NaN,NaN,NaN,NaN,NaN,NaN,NaN,NaN,NaN,NaN,NaN,NaN
"2008Q1",4.309456399802457,3.17667,966.1601069749734,3.086317539216534,966.1601069180687,963.073789378852,1.213328703888646,2.836789688439008,4.309456399802454,4.673237218409842,3.238450698551353,4.050223338832481,4.657667789401817,2.565348829549205,3.176670000000122,-0.8735533388324097,-1.381331096486756,0.5077777576543315,1.339913053720704,-0.364853406363515,0.2245857128244803,-0.1494675462611574,-0.006016358913602052,0.002363525229224187,NaN,NaN,NaN,NaN,NaN,NaN,NaN,NaN,NaN,NaN,NaN,NaN,NaN,-48,NaN,NaN,NaN,NaN,NaN,NaN
"2008Q2",5.17019125564002,2.09,966.730770931016,3.375500680553185,966.7307709310161,963.3552702504629,1.125920777997924,2.282653343344848,5.170191255640021,5.581102161469639,4.174461848140002,4.815204771843724,5.55958297323467,2.567121119114325,2.089999999999999,-2.725204771843725,-3.210606952965497,0.4854021811217791,1.202649461726943,0.07810877119868147,-3.758424964428219,-0.1660750555018569,-0.02159780076711958,0.008307172520040984,NaN,NaN,NaN,NaN,NaN,NaN,NaN,NaN,NaN,NaN,NaN,NaN,NaN,-47,NaN,NaN,NaN,NaN,NaN,NaN
"2008Q3",6.120457409684604,1.94,966.2024850530005,2.586558803045965,966.2024850530005,963.6159262499547,1.04262399796635,-2.113143512061787,6.120457409684604,6.417754702409153,4.950043583897455,5.504464941884056,6.363766749414704,2.474178547257568,1.940000000000013,-3.564464941884095,-4.062356131147864,0.4978911892637756,0.155022781599576,0.2549630673707428,-3.83857108109401,-0.1707047022317817,0.0110292262541742,-0.086230459945324,NaN,NaN,NaN,NaN,NaN,NaN,NaN,NaN,NaN,NaN,NaN,NaN,NaN,-46,NaN,NaN,NaN,NaN,NaN,NaN
"2008Q4",-9.267290142872298,0.506667,963.9952057445751,0.1308837703111843,963.9952057445748,963.8643219742637,0.9935828972365044,-8.829117233701977,-9.267290142872294,-8.942506512933768,1.583203730563687,-1.729786997620351,-8.61383598341035,2.283492738417942,0.5066669999999924,2.236453997620285,1.680563385048861,0.5558906125714372,-1.252995173011201,-10.12879855667165,7.87371169959455,-0.1447787009332106,0.05778854223403918,-0.1932679541138689,NaN,NaN,NaN,NaN,NaN,NaN,NaN,NaN,NaN,NaN,NaN,NaN,NaN,-45,NaN,NaN,NaN,NaN,NaN,NaN
"2009Q1",-2.760985373854055,0.183333,962.8226353991014,-1.292887072112715,962.8226353991015,964.1155224712143,1.004801987801504,-4.690281381893461,-2.760985373854052,-2.81959945803063,-0.1844067128504308,-2.18185439126808,-2.673656010166195,2.292544583703373,0.1833330000000054,2.365187391268032,1.834180023380961,0.5310073678870778,-1.187999331961028,4.37890173653488,3.475192458541031,-0.0894226197113496,-0.01929418342721574,-0.01259888087277371,NaN,NaN,NaN,NaN,NaN,NaN,NaN,NaN,NaN,NaN,NaN,NaN,NaN,-44,NaN,NaN,NaN,NaN,NaN,NaN
"2009Q2",2.121393078981328,0.18,962.6532538909199,-1.726968597470311,962.6532538909199,964.3802224883897,1.058800068702107,-0.6775260327276262,2.121393078981331,1.947551525258992,-0.9466062570151026,-1.989832728121495,1.96925196609861,2.38655795236255,0.1800000000000012,2.169832728121437,1.695693906180235,0.474138821941209,-0.7816669635843544,3.407087397892802,-0.2643569906582986,-0.04552172031924743,-0.05376780915716108,0.07326782702951516,NaN,NaN,NaN,NaN,NaN,NaN,NaN,NaN,NaN,NaN,NaN,NaN,NaN,-43,NaN,NaN,NaN,NaN,NaN,NaN
"2009Q3",3.426852189965302,0.156667,963.0145304911672,-1.648501728461192,963.0145304911674,964.6630322196285,1.131238924953882,1.445106400991028,3.426852189965302,3.265475115348781,-1.620007561944929,1.513183752610343,3.258909473277408,2.47189194876194,0.1566669999999994,-1.35651675261041,-1.7833755852138,0.4268588326033992,-0.7906581285000778,1.069880571101434,-1.350448486080903,-0.02168113687801429,-0.04986610714368884,0.07398979163564534,NaN,NaN,NaN,NaN,NaN,NaN,NaN,NaN,NaN,NaN,NaN,NaN,NaN,-42,NaN,NaN,NaN,NaN,NaN,NaN
"2009Q4",3.119537336613575,0.12,964.0768300067851,-0.8897037345597834,964.0768300067849,964.9665337413447,1.21400608686459,4.249198062470866,3.119537336613576,3.069751803119846,1.476699307926534,2.934383602170017,3.080741408800062,2.522468647669065,0.1200000000000002,-2.814383602170079,-3.216734877623185,0.4023512754531147,-0.222276185245081,-0.09335934449989169,-1.194951303406231,-0.004108945593904023,-0.03182167388994466,0.04776589378331917,NaN,NaN,NaN,NaN,NaN,NaN,NaN,NaN,NaN,NaN,NaN,NaN,NaN,-41,NaN,NaN,NaN,NaN,NaN,NaN
"2010Q1",0.633511794378137,0.133333,964.5756373732798,-0.7145424013999642,964.57563737328,965.2901797746797,1.294584133340319,1.995229465980245,0.6335117943781392,0.6536584700559414,2.325323599984583,1.958389947753247,0.7302265025717545,2.54301582136545,0.1333330000000006,-1.825056947753308,-2.218481569059228,0.3934246213059298,-0.4025683175697088,-1.551513698800323,0.9132771033115805,0.001978655162187796,-0.01869152660187359,0.02279403846329159,NaN,NaN,NaN,NaN,NaN,NaN,NaN,NaN,NaN,NaN,NaN,NaN,NaN,-40,NaN,NaN,NaN,NaN,NaN,NaN
"2010Q2",-0.1411027810345331,0.193333,965.5386897406826,-0.09556794570991217,965.5386897406828,965.6342576863923,1.376311646849571,3.852209469610428,-0.1411027810345349,-0.04048400606483227,1.759699634980619,0.8928655859730947,0.06137896340069082,2.587591867631358,0.1933329999999992,-0.6995325859731585,-1.075559719900286,0.3760271339271367,0.2256015231403458,-0.5291592506866967,1.565253989454896,0.01118592684328419,-0.02805502524820008,0.04887762840245295,NaN,NaN,NaN,NaN,NaN,NaN,NaN,NaN,NaN,NaN,NaN,NaN,NaN,-39,NaN,NaN,NaN,NaN,NaN,NaN
"2010Q3",1.170871521765093,0.186667,966.3088604477673,0.3127115495225053,966.3088604477674,965.996148898245,1.447564847407507,3.080682828337819,1.170871521765091,1.29553439900643,1.195704467930568,0.7397037335287899,1.369744631839622,2.672955598833294,0.1866669999999986,-0.5530367335288529,-0.8891491017995117,0.3361123682706682,0.2811374067688066,0.777880134832984,0.4218920656053495,0.008884365242893426,-0.0523120522637549,0.09412291796507175,NaN,NaN,NaN,NaN,NaN,NaN,NaN,NaN,NaN,NaN,NaN,NaN,NaN,-38,NaN,NaN,NaN,NaN,NaN,NaN
"2010Q4",3.225853419273335,0.186667,966.8271103692053,0.4538945711597888,966.8271103692055,966.3732157980455,1.508267599201637,2.072999685751426,3.225853419273334,3.336999388071477,1.222283488595508,1.898155387018849,3.362975881652988,2.770748135824988,0.1866669999999984,-1.711488387018909,-1.99802691478377,0.2865385277648686,0.06646494996821528,1.251447687184976,-1.247201557776016,0.00545923653488002,-0.06596260367873284,0.115088096875024,NaN,NaN,NaN,NaN,NaN,NaN,NaN,NaN,NaN,NaN,NaN,NaN,NaN,-37,NaN,NaN,NaN,NaN,NaN,NaN
"2011Q1",4.246252603147241,0.156667,966.5859036314018,-0.1781397718765246,966.5859036314017,966.7640434032782,1.563310420930418,-0.9648269512141794,4.246252603147242,4.26994866678794,2.125468690787782,3.228231552743407,4.266521807955639,2.839618888761284,0.1566669999999999,-3.071564552743467,-3.320638423819219,0.2490738710757616,-0.7825403569540128,0.6727798244313954,-1.999592999957462,0.005869581648944838,-0.05881080391262027,0.09594556651879524,NaN,NaN,NaN,NaN,NaN,NaN,NaN,NaN,NaN,NaN,NaN,NaN,NaN,-36,NaN,NaN,NaN,NaN,NaN,NaN
"2011Q2",4.522392698120257,0.09333329999999999,967.2616659571351,0.09098036368977627,967.2616659571349,967.1706855934453,1.626568760667877,2.703049302933728,4.522392698120255,4.582395432169122,3.291342560576476,4.144223538177491,4.576296176769347,2.86143808328986,0.09333329999999616,-4.050890238177555,-4.291224611659162,0.2403343734816163,-0.2312582343499182,0.1493920684463241,-2.30238540507972,0.01958938183050041,-0.03383211048656906,0.05578108340470415,NaN,NaN,NaN,NaN,NaN,NaN,NaN,NaN,NaN,NaN,NaN,NaN,NaN,-35,NaN,NaN,NaN,NaN,NaN,NaN
"2011Q3",2.599796251131465,0.0833333,967.2228912780705,-0.3695299678026902,967.2228912780705,967.5924212458732,1.686942609711473,-0.1550987162577151,2.599796251131464,2.640235736082116,3.64857374291807,3.502169322120273,2.678269564592163,2.828843513631158,0.08333329999999994,-3.418836022120333,-3.677813699010392,0.2589776768900693,-0.7918995559172802,-1.226888513495227,-0.617631518026171,0.02303072511038373,-0.007323259243385439,0.00354923867028532,NaN,NaN,NaN,NaN,NaN,NaN,NaN,NaN,NaN,NaN,NaN,NaN,NaN,-34,NaN,NaN,NaN,NaN,NaN,NaN
"2011Q4",1.791592412745104,0.0733333,968.3383253013681,0.3073416378601992,968.3383253013679,968.0309836635078,1.754249670538071,4.461736093190263,1.791592412745104,1.923363895941107,3.290008491286013,2.709286314484489,1.987018220042521,2.784568958721866,0.07333329999999978,-2.635953014484548,-2.925850663902417,0.2898976494178781,0.2364745521518784,-0.6021866778558103,-0.0676099716370701,0.03600132179774594,0.006817740216815699,-0.0113902035461769,NaN,NaN,NaN,NaN,NaN,NaN,NaN,NaN,NaN,NaN,NaN,NaN,NaN,-33,NaN,NaN,NaN,NaN,NaN,NaN
"2012Q1",2.246367863332125,0.103333,969.1529212860218,0.669439961181947,969.1529212860219,968.4834813248399,1.809990645328579,3.258383938616216,2.246367863332124,2.409353847936302,2.790037306332236,2.261777593786256,2.463200269166832,2.741859521642728,0.1033330000000012,-2.158444593786316,-2.475685274926861,0.317240681140554,0.2374664509734484,0.1716149521518522,-0.4893511788090149,0.03116594184431442,0.006332796664463717,-0.0142525412069499,NaN,NaN,NaN,NaN,NaN,NaN,NaN,NaN,NaN,NaN,NaN,NaN,NaN,-32,NaN,NaN,NaN,NaN,NaN,NaN
"2012Q2",0.8435166557223965,0.153333,969.6077453782113,0.65990458886487,969.6077453782115,968.9478407893463,1.857437858026445,1.819296368758788,0.8435166557223979,1.033055221981339,1.870318295732773,1.478633038445248,1.120994493004891,2.689365850542744,0.1533330000000002,-1.32530003844531,-1.671653180493899,0.3463531420485985,0.09107529410661952,-1.044182242023492,0.6727308249761059,0.02844627723072449,0.01083652902209978,-0.02830771893571118,NaN,NaN,NaN,NaN,NaN,NaN,NaN,NaN,NaN,NaN,NaN,NaN,NaN,-31,NaN,NaN,NaN,NaN,NaN,NaN
"2012Q3",1.801816633996168,0.143333,969.7824756135876,0.3591567472220764,969.7824756135876,969.4233188663652,1.901912308074976,0.6989209415044566,1.801816633996167,1.926271838327187,1.670823391448947,1.704493247844475,1.985476375152533,2.656273104387374,0.1433329999999995,-1.561160247844538,-1.926003233258025,0.3648429854134958,-0.2293863294223402,0.5434199896398321,-0.1489775530503422,0.0302182358511753,0.003125157569757148,-0.01415616110109575,NaN,NaN,NaN,NaN,NaN,NaN,NaN,NaN,NaN,NaN,NaN,NaN,NaN,-30,NaN,NaN,NaN,NaN,NaN,NaN
"2012Q4",2.651005525370692,0.16,969.8922534031813,-0.01825293867516174,969.8922534031814,969.9105063418565,1.948749901964421,0.4391111583761163,2.651005525370692,2.71460771323471,1.885676669605344,2.002736632080998,2.747712356982908,2.621031263407791,0.1600000000000008,-1.842736632081059,-2.228404953458994,0.3856683213779443,-0.4565874823540003,0.5315373075084973,-0.8095642796078381,0.03702882469694247,0.007309634505798042,-0.01961453054084554,NaN,NaN,NaN,NaN,NaN,NaN,NaN,NaN,NaN,NaN,NaN,NaN,NaN,-29,NaN,NaN,NaN,NaN,NaN,NaN
"2013Q1",1.60459623691213,0.143333,970.7562992997954,0.3459554167397446,970.7562992997954,970.4103438830556,1.999350164794686,3.456183586454966,1.60459623691213,1.739038916762857,1.725233763000345,1.949114328260467,1.801733094307868,2.566508730181062,0.143333,-1.805781328260528,-2.225000479410826,0.4192191511503078,0.1344071320040678,-0.7618165171198475,-0.0625691743623488,0.04547525302670633,0.02211766191015782,-0.04241940688594981,NaN,NaN,NaN,NaN,NaN,NaN,NaN,NaN,NaN,NaN,NaN,NaN,NaN,-28,NaN,NaN,NaN,NaN,NaN,NaN
"2013Q2",-0.4381806181481807,0.116667,970.8955874685364,-0.02551893567913956,970.8955874685363,970.9211064042153,2.043050084639085,0.5571526749642,-0.4381806181481804,-0.3166502963517046,1.404809444532701,0.8751927119457412,-0.2067563413905975,2.511299949331203,0.1166670000000018,-0.7585257119457997,-1.210047305143779,0.451521593197989,-0.3540969162370559,-1.367788674850109,1.647399092141201,0.04363493632386836,0.02422435716271198,-0.04855790783175171,NaN,NaN,NaN,NaN,NaN,NaN,NaN,NaN,NaN,NaN,NaN,NaN,NaN,-27,NaN,NaN,NaN,NaN,NaN,NaN
"2013Q3",2.157544261084695,0.0833333,971.6841237441809,0.2408084901260793,971.684123744181,971.4433152540549,2.088835399356996,3.154145102578517,2.157544261084694,2.251558077999872,1.493741351304833,1.393879489462137,2.29695084293289,2.498347719589328,0.08333330000000067,-1.310546189462197,-1.777091212983688,0.4665450235214989,0.07841073023550071,1.630235486568395,-0.5751880809565332,0.05009032318181902,0.01017558964330878,-0.0118222348087544,NaN,NaN,NaN,NaN,NaN,NaN,NaN,NaN,NaN,NaN,NaN,NaN,NaN,-26,NaN,NaN,NaN,NaN,NaN,NaN
"2013Q4",1.47634060639075,0.0866667,972.3927778506837,0.4178455471210635,972.3927778506838,971.9749323035626,2.126468198030859,2.834616426011451,1.476340606390749,1.619529035584899,1.200075121559848,1.203808321228047,1.684467350432976,2.470410003073735,0.08666669999999832,-1.11714162122811,-1.604430995001437,0.4872893737733355,0.1129173535455817,-0.5346828804811755,-0.03800443682918976,0.04651633860956253,0.01739885260398642,-0.02810294455665908,NaN,NaN,NaN,NaN,NaN,NaN,NaN,NaN,NaN,NaN,NaN,NaN,NaN,-25,NaN,NaN,NaN,NaN,NaN,NaN
"2014Q1",2.483420554998702,0.0733333,972.0420537957549,-0.4719698017265463,972.0420537957554,972.5140235974812,2.156365175674946,-1.402896219714837,2.483420554998703,2.489692179276859,1.41978120108149,2.151749400437757,2.519340663656311,2.441291765920756,0.07333330000000206,-2.078416100437817,-2.585820606451403,0.5074045060135949,-0.9812591906440168,0.6996038782704159,-0.7853343334590894,0.04254379744717234,0.01884406961759291,-0.03207723684560556,NaN,NaN,NaN,NaN,NaN,NaN,NaN,NaN,NaN,NaN,NaN,NaN,NaN,-24,NaN,NaN,NaN,NaN,NaN,NaN
"2014Q2",2.118694458709797,0.09333329999999999,973.3180076785339,0.2551830506253616,973.3180076785342,973.0628246279088,2.19520412170813,5.103815531116418,2.118694458709799,2.228691384504931,2.058999970295984,2.076786751151052,2.273834816889202,2.391511369971591,0.09333330000000017,-1.983453451151113,-2.52951413699342,0.5460606858423166,0.2854135179622582,-0.3010891916786732,-0.5994722812720775,0.05447546360067856,0.03939663043008119,-0.0556512193570893,NaN,NaN,NaN,NaN,NaN,NaN,NaN,NaN,NaN,NaN,NaN,NaN,NaN,-23,NaN,NaN,NaN,NaN,NaN,NaN
"2014Q3",1.022029266141999,0.09,974.4762358890149,0.8588816619570604,974.4762358890148,973.6173542270578,2.218118396595759,4.632912841923206,1.022029266141998,1.227394338860162,1.77512122156031,1.712884654677671,1.304848403689403,2.325363399482836,0.09000000000000054,-1.622884654677733,-2.212891598027052,0.5900069433493287,0.4844826717794472,-0.8705983168161888,0.1626360190622284,0.04243468705844267,0.04855232609124355,-0.07699683349159513,NaN,NaN,NaN,NaN,NaN,NaN,NaN,NaN,NaN,NaN,NaN,NaN,NaN,-22,NaN,NaN,NaN,NaN,NaN,NaN
"2014Q4",-0.9950114047924217,0.1,974.9242243231641,0.7502695039494681,974.9242243231641,974.1739548192146,2.226402368625973,1.791953736596248,-0.9950114047924159,-0.7709584039897499,1.15728321876452,0.3436884790174162,-0.6450558466401164,2.261562037054164,0.1000000000000027,-0.243688479017476,-0.8723583022458921,0.628669823228426,0.1477046765509496,-1.464521936783305,1.834475945563051,0.03009581168978964,0.04766357421403021,-0.08126502248038797,NaN,NaN,NaN,NaN,NaN,NaN,NaN,NaN,NaN,NaN,NaN,NaN,NaN,-21,NaN,NaN,NaN,NaN,NaN,NaN
"2015Q1",-2.597540062080952,0.11,975.7342483786737,1.002931288263071,975.7342483786739,974.7313170904104,2.229449084782838,3.240096222037891,-2.597540062080949,-2.320919382735286,-0.1129569355053918,-1.222860395866655,-2.152907167693107,2.241973297483958,0.1100000000000043,1.332860395866591,0.6876893604101657,0.645171035456434,0.6215385219347127,-1.238753993834889,3.133661041588193,0.02568695301946228,0.02936819455085048,-0.0434325358647895,NaN,NaN,NaN,NaN,NaN,NaN,NaN,NaN,NaN,NaN,NaN,NaN,NaN,-20,NaN,NaN,NaN,NaN,NaN,NaN
"2015Q2",2.718535177473768,0.123333,976.31257427765,1.026190522055643,976.3125742776498,975.2863837555942,2.220266660735035,2.313303595905974,2.718535177473769,2.885583637343285,0.03700324418559853,0.5028918369859272,2.918407083499285,2.299254623089215,0.1233329999999998,-0.3795588369859914,-0.9989986872642338,0.61943985027825,0.3245318803716819,3.29436289255062,-1.256253784252128,0.01376248443048075,-0.01121408163254068,0.03147865535365334,NaN,NaN,NaN,NaN,NaN,NaN,NaN,NaN,NaN,NaN,NaN,NaN,NaN,-19,NaN,NaN,NaN,NaN,NaN,NaN
"2015Q3",1.507957516060742,0.136667,976.6354252252142,0.7979849965357715,976.6354252252141,975.8374402286786,2.204225892336874,1.291403790258041,1.50795751606074,1.698215847723934,0.1584853066652853,0.8317921197943801,1.762343011905613,2.321664910141475,0.1366669999999986,-0.6951251197944428,-1.30210823353037,0.6069831137359372,0.05205985994965559,-0.9332643956542171,-0.2185377199264301,0.005985897675342422,-0.0005127515144880315,0.002335749361182793,NaN,NaN,NaN,NaN,NaN,NaN,NaN,NaN,NaN,NaN,NaN,NaN,NaN,-18,NaN,NaN,NaN,NaN,NaN,NaN
"2015Q4",-0.03027168841799721,0.16,976.7815527534941,0.3972507587293502,976.7815527534941,976.3843019947645,2.187447064344251,0.5845101131192274,-0.03027168841799795,0.1327080502418789,0.3996702357588893,1.082232263839604,0.2318625415590116,2.336756278270739,0.159999999999999,-0.9222322638396676,-1.520280796185165,0.5980485323455073,-0.2335683188103202,-1.096616967315126,1.155649298000406,0.003643761241065183,0.001763729983163764,-0.002742140856588436,NaN,NaN,NaN,NaN,NaN,NaN,NaN,NaN,NaN,NaN,NaN,NaN,NaN,-17,NaN,NaN,NaN,NaN,NaN,NaN
"2016Q1",-0.2484264883973992,0.36,977.3690037449436,0.4409227007094725,977.3690037449438,976.9280810442341,2.175116197877304,2.349803965798443,-0.2484264883974,-0.08774085203544801,0.9869486291797764,0.285379621802482,0.01542917752134465,2.379618576524512,0.3600000000000014,0.07462037819745526,-0.5037240097366216,0.5783443879340857,0.1521998444985085,-0.2421328627842972,1.558151915495324,0.006413839967477566,-0.009899291176870792,0.02653792608084753,NaN,NaN,NaN,NaN,NaN,NaN,NaN,NaN,NaN,NaN,NaN,NaN,NaN,-16,NaN,NaN,NaN,NaN,NaN,NaN
"2016Q2",3.186408616133576,0.373333,977.6709362762499,0.2031881747658604,977.6709362762498,977.4677481014838,2.158668228998392,1.207730125224596,3.186408616133575,3.249328530603619,1.10391698884473,1.539259742480457,3.264047399052254,2.460718140155936,0.3733329999999996,-1.165926742480518,-1.705012846078693,0.5390861035981832,-0.2318667302673853,2.19030203040398,-1.354610866842014,0.001063650908818763,-0.03142384554249406,0.06906142128387568,NaN,NaN,NaN,NaN,NaN,NaN,NaN,NaN,NaN,NaN,NaN,NaN,NaN,-15,NaN,NaN,NaN,NaN,NaN,NaN
"2016Q3",1.69430481012796,0.396667,978.270252164766,0.2669591513341379,978.2702521647662,978.0032930134317,2.142179647790714,2.397263554064493,1.694304810127959,1.813520960249673,1.150503812361534,1.611451974528457,1.869335715654783,2.506536046209324,0.3966669999999997,-1.214784974528521,-1.733428646315936,0.518643671787425,-0.02829661815665961,-1.038289041579719,-0.0887513690473767,-0.0006217583078386478,-0.01653382145093994,0.04188972006898118,NaN,NaN,NaN,NaN,NaN,NaN,NaN,NaN,NaN,NaN,NaN,NaN,NaN,-14,NaN,NaN,NaN,NaN,NaN,NaN
"2016Q4",2.531105111394936,0.45,978.7659105426385,0.2323103393930636,978.7659105426383,978.5336002032452,2.121228759252417,1.98263351148878,2.531105111394939,2.621182365926169,1.790848012314766,2.508250225895665,2.655101915552592,2.550411616178882,0.4500000000000003,-2.058250225895728,-2.558151114543069,0.4999008886473503,-0.1836802628614161,0.4891621227982462,-0.707490146643439,-0.006732923759225523,-0.01687841596133234,0.04452917459049061,NaN,NaN,NaN,NaN,NaN,NaN,NaN,NaN,NaN,NaN,NaN,NaN,NaN,-13,NaN,NaN,NaN,NaN,NaN,NaN
"2017Q1",2.805103682038862,0.7,979.2367314812579,0.1785497416307826,979.2367314812581,979.0581817396271,2.098326145526988,1.883283754478526,2.805103682038864,2.881799372098589,2.554230554923832,2.478078243915094,2.906152746313179,2.576800871719147,0.6999999999999986,-1.778078243915156,-2.269499642991715,0.4914213990765681,-0.187786426303915,0.1334006052345171,-0.6972022015095343,-0.01077973780018691,-0.008489400706047232,0.03143041715815326,NaN,NaN,NaN,NaN,NaN,NaN,NaN,NaN,NaN,NaN,NaN,NaN,NaN,-12,NaN,NaN,NaN,NaN,NaN,NaN
"2017Q2",0.4612413037816623,0.95,979.7949354427043,0.2186511316885147,979.7949354427046,979.5762843110159,2.072410285554409,2.232815845785992,0.461241303781661,0.5848998565062447,1.872938726835853,1.595587488430433,0.6669695710386905,2.586338736913816,0.9499999999999994,-0.6455874884304965,-1.138660770634206,0.4930732822037193,-0.002344790353064566,-1.588656152489693,1.329128737069078,-0.01608324541988081,0.0007940230348079782,0.01721795236658452,NaN,NaN,NaN,NaN,NaN,NaN,NaN,NaN,NaN,NaN,NaN,NaN,NaN,-11,NaN,NaN,NaN,NaN,NaN,NaN
"2017Q3",1.907618341108446,1.15333,980.511511881461,0.4252256459642097,980.5115118814609,980.086286235497,2.040007697922845,2.866305755026282,1.907618341108445,2.012627556230693,1.926267109580976,1.796647720789923,2.057432343674217,2.630916016276782,1.153329999999999,-0.6433177207899854,-1.121945710199115,0.4786279894091377,0.1818403959314993,0.8608692843731471,0.1546115709565989,-0.02516155907612205,-0.01513796457420983,0.05321115305434776,NaN,NaN,NaN,NaN,NaN,NaN,NaN,NaN,NaN,NaN,NaN,NaN,NaN,-10,NaN,NaN,NaN,NaN,NaN,NaN
"2017Q4",3.169532060402162,1.20333,981.4475174879331,0.8619249013863219,981.4475174879331,980.5855925865468,1.997225404198889,3.744022425887992,3.169532060402163,3.312827366128903,2.085873846832782,2.2128047678553,3.33089061613284,2.680662508423326,1.203329999999999,-1.009474767855361,-1.469746830252715,0.4602720623973628,0.4598148307828335,0.6838980703978712,-1.037398859485711,-0.03878152393167207,-0.02049312807086128,0.06283809377422248,NaN,NaN,NaN,NaN,NaN,NaN,NaN,NaN,NaN,NaN,NaN,NaN,NaN,-9,NaN,NaN,NaN,NaN,NaN,NaN
"2018Q1",3.248404200221557,1.44667,982.2074765065086,1.136739173543957,982.2074765065082,981.0707373329645,1.940578985669039,3.039836074300247,3.248404200221558,3.426318391044395,2.196698976378456,2.937968248194145,3.44323480277174,2.705908204282923,1.446670000000001,-1.491298248194206,-1.941180781233207,0.4498825330390101,0.4254661545891551,-0.124676993259832,-0.9183544373468528,-0.05692387810996117,-0.01436232311861648,0.04331194670193022,NaN,NaN,NaN,NaN,NaN,NaN,NaN,NaN,NaN,NaN,NaN,NaN,NaN,-8,NaN,NaN,NaN,NaN,NaN,NaN
"2018Q2",2.282968126962714,1.73667,983.0379295884912,1.498385787739472,983.0379295884912,981.5395438007516,1.875225871149699,3.321812327932421,2.282968126962711,2.519199423587539,2.652130682173716,2.805025952793497,2.56093485063472,2.710139115767473,1.736669999999999,-1.068355952793558,-1.514671406031909,0.4463154532383597,0.6648751430102186,-0.8600529802109392,-0.04435205495384369,-0.07129521595243628,-0.008578826496749426,0.02482173191284257,NaN,NaN,NaN,NaN,NaN,NaN,NaN,NaN,NaN,NaN,NaN,NaN,NaN,-7,NaN,NaN,NaN,NaN,NaN,NaN
"2018Q3",1.734432718685639,1.92333,983.5187244742997,1.528536043429326,983.5187244742997,981.9901884308704,1.802578520473743,1.923179543233817,1.734432718685637,1.975538797954203,2.608834276568015,2.310335960956034,2.029006531022225,2.715724735980824,1.923329999999998,-0.3870059609560976,-0.8237617274419089,0.4367557664858201,0.5471283980417623,-0.5937887474670829,0.3953724026363197,-0.085124763560986,-0.01492814142870379,0.02659953179009936,NaN,NaN,NaN,NaN,NaN,NaN,NaN,NaN,NaN,NaN,NaN,NaN,NaN,-6,NaN,NaN,NaN,NaN,NaN,NaN
"2018Q4",1.458457880254628,2.22,983.7416177177571,1.318904378030663,983.7416177177572,982.4227133397262,1.730099635423795,0.8915729738297952,1.458457880254629,1.668200497104662,2.181065731531132,1.786014805751917,1.723173590389327,2.733831801509662,2.219999999999999,0.4339851942480213,0.01723460618571127,0.4167505880623197,0.4035062125919467,-0.3846839986807885,0.8412102278864746,-0.0922210330025738,-0.02632960177491849,0.03967953912692083,NaN,NaN,NaN,NaN,NaN,NaN,NaN,NaN,NaN,NaN,NaN,NaN,NaN,-5,NaN,NaN,NaN,NaN,NaN,NaN
"2019Q1",0.9528657661471698,2.40333,984.3376283306703,1.499002896713113,984.3376283306703,982.8386254339572,1.663648376921974,2.38404245165243,0.9528657661471709,1.190120668254149,1.607181123012536,1.333969258335403,1.25837344009127,2.775936110986813,2.403330000000001,1.069360741664533,0.6874605278277119,0.3819002138368303,0.7764063226777947,-0.5615743795786563,1.239263183409799,-0.09344129495944171,-0.04317531541925756,0.06548748962811698,NaN,NaN,NaN,NaN,NaN,NaN,NaN,NaN,NaN,NaN,NaN,NaN,NaN,-4,NaN,NaN,NaN,NaN,NaN,NaN
"2019Q2",3.130851316851476,2.39667,985.1274256129104,1.888809172030379,985.1274256129104,983.2386164408799,1.599964027689572,3.159189128959289,3.130851316851481,3.373449894829264,1.819151920484728,2.228906214520642,3.391406588753799,2.852616705830458,2.396670000000002,0.1677637854793005,-0.1558069940669692,0.3235707795462776,0.9738267345961209,1.141900188462488,-0.7185357482029202,-0.09731951154020449,-0.07013941290686967,0.1042742059423266,NaN,NaN,NaN,NaN,NaN,NaN,NaN,NaN,NaN,NaN,NaN,NaN,NaN,-3,NaN,NaN,NaN,NaN,NaN,NaN
"2019Q3",1.473292405898974,2.19,985.8105855437454,2.186707869701233,985.8105855437457,983.6238776740445,1.541044932657563,2.732639723341653,1.473292405898976,1.804033707829054,1.75386684228806,1.840260799181674,1.872062557343576,2.914655291638343,2.190000000000002,0.3497392008182608,0.08670488424012551,0.2630343165781449,1.06209285490733,-1.411843534764832,0.4556760437112062,-0.09892269226305238,-0.0781793850135051,0.09730025639093146,NaN,NaN,NaN,NaN,NaN,NaN,NaN,NaN,NaN,NaN,NaN,NaN,NaN,-2,NaN,NaN,NaN,NaN,NaN,NaN
"2019Q4",2.428493008719215,1.64333,986.2785863278905,2.28117365769602,986.2785863278906,983.9974126701944,1.494139984599936,1.872003136579745,2.428493008719215,2.758209671902912,1.996375624404207,2.447711600843152,2.81038600761244,2.993102300381739,1.643330000000001,-0.8043816008432078,-0.9891873983183161,0.1848057974751171,0.8702301960437577,0.2773621939492072,-0.6907996097335316,-0.0928004547918706,-0.1019250874452134,0.1199125379072299,NaN,NaN,NaN,NaN,NaN,NaN,NaN,NaN,NaN,NaN,NaN,NaN,NaN,-1,NaN,NaN,NaN,NaN,NaN,NaN
"2020Q1",1.289948897769136,1.26,984.9664323719494,0.601227365049989,984.9664323719494,984.3652050068993,1.471169346818121,-5.248615823765327,1.289948897769136,1.443575598311891,2.080646407309698,1.658827477674809,1.514780181775659,3.059374979186327,1.259999999999996,-0.398827477674877,-0.5023843155095298,0.1035568378346609,-0.817715261118262,-0.8539457538125662,0.5732593093527748,-0.07355663932182105,-0.1127683798929445,0.1155829088427635,NaN,NaN,NaN,NaN,NaN,NaN,NaN,NaN,NaN,NaN,NaN,NaN,NaN,0,NaN,NaN,NaN,NaN,NaN,NaN
"2020Q2",-3.416737653370092,0.06,975.6042961546782,-9.13680577344385,975.6042961546782,984.7411019281221,1.503587684891041,-37.44854486908364,-3.416737653370091,-4.383923693743336,0.4437491647543073,-1.020554860156265,-4.271576188833241,3.146660502081866,0.0600000000000032,1.080554860156193,1.062091426984827,0.01846343317138094,-9.391333049775048,-1.807150566765533,5.043096265073445,-0.02046472724526837,-0.1247377208798137,0.1432230208141717,NaN,NaN,NaN,NaN,NaN,NaN,NaN,NaN,NaN,NaN,NaN,NaN,NaN,1,NaN,NaN,NaN,NaN,NaN,NaN
"2020Q3",4.682497151244661,0.09333329999999999,982.8805708056869,-2.285714046794538,982.8805708056869,985.1662848524812,1.700731697437033,29.1050986040349,4.682497151244656,4.407029428887006,1.246050351090729,1.740684456132685,4.382862665215628,3.370182445761807,0.09333329999999923,-1.647351156132749,-1.599523749449207,-0.04782740668353638,3.036417042327164,5.589487730504165,-1.611207800621856,0.1475027810350959,-0.1144444965377793,0.2881879938881295,NaN,NaN,NaN,NaN,NaN,NaN,NaN,NaN,NaN,NaN,NaN,NaN,NaN,2,NaN,NaN,NaN,NaN,NaN,NaN
"2020Q4",2.216092026070783,0.09,983.9896742178796,-1.627703846348837,983.9896742178798,985.6173780642284,1.804372846987427,4.43641364877088,2.216092026070783,2.120650858301302,1.192950105428622,1.400625595561668,2.174297048612857,3.561007477638241,0.08999999999999916,-1.310625595561733,-1.181660131623828,-0.128965463937895,-0.374441431434187,-1.406988538008873,0.416053743130784,0.07371431929409651,-0.1359207979227121,0.2778432764526144,NaN,NaN,NaN,NaN,NaN,NaN,NaN,NaN,NaN,NaN,NaN,NaN,NaN,3,NaN,NaN,NaN,NaN,NaN,NaN
"2021Q1",4.036110777845806,0.08,985.5119186897188,-0.5774583110054007,985.5119186897186,986.089377000724,1.887995745981457,6.088977887355889,4.036110777845806,4.030624651320268,1.879490575447787,3.741331151620383,4.05258302309,3.774522753049253,0.08000000000000243,-3.661331151620444,-3.442761344948857,-0.2185698066715788,0.05488786230933139,1.24267816403819,-1.105354515104992,0.06406018369277268,-0.1525008891274733,0.3196160231748373,NaN,NaN,NaN,NaN,NaN,NaN,NaN,NaN,NaN,NaN,NaN,NaN,NaN,4,NaN,NaN,NaN,NaN,NaN,NaN
"2021Q2",7.869221230713265,0.07000000000000001,987.1393504272538,0.5640600731109469,987.1393504272536,986.5752903541428,1.943653413673019,6.509726950139084,7.869221230713268,7.947883084566679,4.700980296468624,5.517326779799136,7.888903063532407,3.973870893913405,0.0699999999999984,-5.447326779799197,-5.144020111801926,-0.303306667997263,0.3961330485343127,2.40758413820401,-4.347395706723489,0.04445724228970848,-0.1565938419928421,0.3268004161690777,NaN,NaN,NaN,NaN,NaN,NaN,NaN,NaN,NaN,NaN,NaN,NaN,NaN,5,NaN,NaN,NaN,NaN,NaN,NaN
"2021Q3",6.499951425470499,0.09,987.7086748066381,0.6412074598029441,987.708674806638,987.0674673468351,1.968707970768244,2.277297517536935,6.499951425470498,6.637813570636238,5.155343865025082,6.260774251166453,6.618644002719089,4.07872549985478,0.09000000000000224,-6.170774251166513,-5.82306138377324,-0.3477128673932642,-0.2795347224406243,-1.002397870196155,-3.133712034616773,0.01941989846252662,-0.1247368661957274,0.2522416953327157,NaN,NaN,NaN,NaN,NaN,NaN,NaN,NaN,NaN,NaN,NaN,NaN,NaN,6,NaN,NaN,NaN,NaN,NaN,NaN
"2021Q4",7.614765261986577,0.08,989.3754843001723,1.812648047859347,989.3754843001725,987.5628362523129,1.981475621909949,6.667237974136205,7.614765261986568,7.873768762333189,6.505012174004023,7.46442667012588,7.838262293115132,4.121864275349989,0.07999999999999402,-7.384426670125945,-7.023936425699546,-0.3604902444263917,0.7255299294079385,0.4527129638281336,-4.225007974471938,0.009638448218528758,-0.09754866377245393,0.2010113254806871,NaN,NaN,NaN,NaN,NaN,NaN,NaN,NaN,NaN,NaN,NaN,NaN,NaN,7,NaN,NaN,NaN,NaN,NaN,NaN
"2022Q1",8.801921460894391,0.12,988.9790068866695,0.9232533841291274,988.9790068866695,988.0557535025406,1.971669000908113,-1.585909654012106,8.801921460894397,8.928185636044667,7.696464844766171,7.961205946099034,8.852386382441868,4.075676288284617,0.1199999999999992,-7.841205946099091,-7.503411499238567,-0.3377944468605117,-0.9146765945100254,0.6351337295745191,-5.077173127346898,-0.01165905881084104,-0.06335322687675929,0.1159984404696258,NaN,NaN,NaN,NaN,NaN,NaN,NaN,NaN,NaN,NaN,NaN,NaN,NaN,8,NaN,NaN,NaN,NaN,NaN,NaN